{
  "experiment_name": "alexnet_frozen_sweep_trial012_c9b5a116",
  "best_val_acc_top1": 0.8941605839416058,
  "best_epoch": 43,
  "final_test_acc_top1": 0.8969258589511754,
  "final_test_f1": 0.8892244648923759,
  "final_test_precision": 0.8877513859184822,
  "final_test_recall": 0.8908679566464354,
  "inference_time_ms": 0.6815143674612045,
  "total_params": 65402692,
  "trainable_params": 62932996,
  "per_class_test_f1": {
    "blurry": 0.8296943231441049,
    "good": 0.9326683291770573,
    "opaque": 0.8785046728971962,
    "yellow": 0.9160305343511451
  },
  "per_class_test_acc": {
    "blurry": 0.8407079646017699,
    "good": 0.9211822660098522,
    "opaque": 0.8785046728971962,
    "yellow": 0.9230769230769231
  }
}