{
  "experiment_name": "resnet152_frozen_sweep_trial018_723d6459",
  "best_val_acc_top1": 0.8914233576642335,
  "best_epoch": 42,
  "final_test_acc_top1": 0.895117540687161,
  "final_test_f1": 0.8873814627977613,
  "final_test_precision": 0.8893145062634567,
  "final_test_recall": 0.889170252401667,
  "inference_time_ms": 13.062662272714078,
  "total_params": 64442436,
  "trainable_params": 6298628,
  "per_class_test_f1": {
    "blurry": 0.8278688524590163,
    "good": 0.9296482412060301,
    "opaque": 0.8571428571428572,
    "yellow": 0.9348659003831418
  },
  "per_class_test_acc": {
    "blurry": 0.8938053097345132,
    "good": 0.9113300492610837,
    "opaque": 0.8130841121495327,
    "yellow": 0.9384615384615385
  }
}