{
  "experiment_name": "vgg19_frozen_sweep_trial014_c8b5cb9f",
  "best_val_acc_top1": 0.8184306569343066,
  "best_epoch": 38,
  "final_test_acc_top1": 0.8227848101265823,
  "final_test_f1": 0.8069883291644204,
  "final_test_precision": 0.8167877555436476,
  "final_test_recall": 0.8015527945541435,
  "inference_time_ms": 1.4714573184028268,
  "total_params": 143769668,
  "trainable_params": 123745284,
  "per_class_test_f1": {
    "blurry": 0.7264957264957265,
    "good": 0.8836104513064132,
    "opaque": 0.7551020408163265,
    "yellow": 0.8627450980392156
  },
  "per_class_test_acc": {
    "blurry": 0.7522123893805309,
    "good": 0.916256157635468,
    "opaque": 0.6915887850467289,
    "yellow": 0.8461538461538461
  }
}