{
  "experiment_name": "resnet152_fine_tuning_sweep_trial022_f2e9e961",
  "best_val_acc_top1": 0.9098214285714286,
  "best_epoch": 24,
  "final_test_acc_top1": 0.9236111111111112,
  "inference_time_ms": 13.612311445176601,
  "total_params": 60246084,
  "trainable_params": 60236548
}