{
  "experiment_name": "resnet152_fine_tuning_sweep_trial023_b41c55f2",
  "best_val_acc_top1": 0.91875,
  "best_epoch": 24,
  "final_test_acc_top1": 0.9357638888888888,
  "inference_time_ms": 13.30415952950716,
  "total_params": 60246084,
  "trainable_params": 60236548
}