{
  "experiment_name": "densenet201_frozen",
  "best_val_acc_top1": 0.8625,
  "best_val_acc_top3": 0.9973214285714286,
  "best_epoch": 37,
  "final_test_acc_top1": 0.8680555555555556,
  "final_test_acc_top3": 1.0,
  "inference_time_ms": 19.299593940377235,
  "total_params": 20064132,
  "trainable_params": 1971204
}