{
  "experiment_name": "resnet152_fine_tuning_sweep_trial033_9319f298",
  "best_val_acc_top1": 0.9169642857142857,
  "best_epoch": 24,
  "final_test_acc_top1": 0.9270833333333334,
  "inference_time_ms": 13.505634814500809,
  "total_params": 60246084,
  "trainable_params": 60236548
}