{
  "experiment_name": "convnext_base_frozen_sweep_trial002_cbb600f7",
  "best_val_acc_top1": 0.8859489051094891,
  "best_epoch": 35,
  "final_test_acc_top1": 0.9005424954792043,
  "final_test_f1": 0.8929296132561839,
  "final_test_precision": 0.8924208794207481,
  "final_test_recall": 0.8942178736221897,
  "inference_time_ms": 6.961169568821788,
  "total_params": 88620164,
  "trainable_params": 1055748,
  "per_class_test_f1": {
    "blurry": 0.8425531914893618,
    "good": 0.9303482587064676,
    "opaque": 0.8530805687203792,
    "yellow": 0.9457364341085271
  },
  "per_class_test_acc": {
    "blurry": 0.8761061946902655,
    "good": 0.9211822660098522,
    "opaque": 0.8411214953271028,
    "yellow": 0.9384615384615385
  }
}