{
  "experiment_name": "swin_b_frozen_sweep_trial021_8eaa8741",
  "best_val_acc_top1": 0.8731751824817519,
  "best_epoch": 31,
  "final_test_acc_top1": 0.8878842676311031,
  "final_test_f1": 0.8784045781092985,
  "final_test_precision": 0.880759872584137,
  "final_test_recall": 0.8779455986306194,
  "inference_time_ms": 16.390947178006172,
  "total_params": 88319676,
  "trainable_params": 1576452,
  "per_class_test_f1": {
    "blurry": 0.8260869565217391,
    "good": 0.9257425742574258,
    "opaque": 0.8472906403940886,
    "yellow": 0.9144981412639406
  },
  "per_class_test_acc": {
    "blurry": 0.8407079646017699,
    "good": 0.9211822660098522,
    "opaque": 0.8037383177570093,
    "yellow": 0.9461538461538461
  }
}