{
  "experiment_name": "efficientnet_b4_frozen_sweep_trial021_6e84ebbc",
  "best_val_acc_top1": 0.8786496350364964,
  "best_epoch": 48,
  "final_test_acc_top1": 0.8625678119349005,
  "final_test_f1": 0.8512278517579256,
  "final_test_precision": 0.8524155645313696,
  "final_test_recall": 0.8504516879058074,
  "inference_time_ms": 11.540709920227528,
  "total_params": 19911500,
  "trainable_params": 2362884,
  "per_class_test_f1": {
    "blurry": 0.8122270742358078,
    "good": 0.9019607843137254,
    "opaque": 0.7788461538461539,
    "yellow": 0.9118773946360154
  },
  "per_class_test_acc": {
    "blurry": 0.8230088495575221,
    "good": 0.9064039408866995,
    "opaque": 0.7570093457943925,
    "yellow": 0.9153846153846154
  }
}