{
  "experiment_name": "vgg19_frozen_sweep_trial018_24d6d1bb",
  "best_val_acc_top1": 0.8138686131386861,
  "best_epoch": 35,
  "final_test_acc_top1": 0.8209764918625678,
  "final_test_f1": 0.8038449731265979,
  "final_test_precision": 0.8101477320038472,
  "final_test_recall": 0.802107081642373,
  "inference_time_ms": 1.4751347713172436,
  "total_params": 143769668,
  "trainable_params": 123745284,
  "per_class_test_f1": {
    "blurry": 0.7184466019417476,
    "good": 0.8792270531400966,
    "opaque": 0.76056338028169,
    "yellow": 0.8571428571428572
  },
  "per_class_test_acc": {
    "blurry": 0.6548672566371682,
    "good": 0.896551724137931,
    "opaque": 0.7570093457943925,
    "yellow": 0.9
  }
}