{
  "experiment_name": "inception_v3_frozen_sweep_trial020_a2380bb1",
  "best_val_acc_top1": 0.7892335766423357,
  "best_epoch": 49,
  "final_test_acc_top1": 0.7920433996383364,
  "final_test_f1": 0.775873954812311,
  "final_test_precision": 0.7799794061723782,
  "final_test_recall": 0.7742581691278927,
  "inference_time_ms": 8.882908187806606,
  "total_params": 26163404,
  "trainable_params": 1051140,
  "per_class_test_f1": {
    "blurry": 0.7142857142857143,
    "good": 0.8571428571428572,
    "opaque": 0.7214611872146119,
    "yellow": 0.8106060606060607
  },
  "per_class_test_acc": {
    "blurry": 0.6637168141592921,
    "good": 0.8719211822660099,
    "opaque": 0.7383177570093458,
    "yellow": 0.823076923076923
  }
}