{
  "experiment_name": "efficientnet_b4_frozen_sweep_trial002_286edc19",
  "best_val_acc_top1": 0.875,
  "best_epoch": 33,
  "final_test_acc_top1": 0.8679927667269439,
  "final_test_f1": 0.8607091687242007,
  "final_test_precision": 0.8619822788904976,
  "final_test_recall": 0.8596708767092694,
  "inference_time_ms": 11.467441692948341,
  "total_params": 19911500,
  "trainable_params": 2362884,
  "per_class_test_f1": {
    "blurry": 0.8157894736842104,
    "good": 0.8899755501222495,
    "opaque": 0.8037383177570093,
    "yellow": 0.9333333333333333
  },
  "per_class_test_acc": {
    "blurry": 0.8230088495575221,
    "good": 0.896551724137931,
    "opaque": 0.8037383177570093,
    "yellow": 0.9153846153846154
  }
}