{
  "experiment_name": "resnet152_fine_tuning_sweep_trial024_d12022cc",
  "best_val_acc_top1": 0.9169642857142857,
  "best_epoch": 24,
  "final_test_acc_top1": 0.9253472222222222,
  "inference_time_ms": 13.315329551696777,
  "total_params": 60246084,
  "trainable_params": 60236548
}