{
  "experiment_name": "vgg16_frozen",
  "best_val_acc_top1": 0.825,
  "best_val_acc_top3": 0.9901785714285715,
  "best_epoch": 29,
  "final_test_acc_top1": 0.8427854941950904,
  "final_test_acc_top3": 0.9982638888888888,
  "inference_time_ms": 1.3392138481140137,
  "total_params": 138459972,
  "trainable_params": 123745284
}