{
  "experiment_name": "resnet152_frozen_sweep_trial021_85579809",
  "best_val_acc_top1": 0.8950729927007299,
  "best_epoch": 47,
  "final_test_acc_top1": 0.8969258589511754,
  "final_test_f1": 0.8881708731126813,
  "final_test_precision": 0.8922257259068793,
  "final_test_recall": 0.8874591926344584,
  "inference_time_ms": 13.050701920874417,
  "total_params": 64442436,
  "trainable_params": 6298628,
  "per_class_test_f1": {
    "blurry": 0.8099173553719009,
    "good": 0.9356435643564357,
    "opaque": 0.8613861386138614,
    "yellow": 0.9457364341085271
  },
  "per_class_test_acc": {
    "blurry": 0.8672566371681416,
    "good": 0.9310344827586207,
    "opaque": 0.8130841121495327,
    "yellow": 0.9384615384615385
  }
}