{
  "experiment_name": "convnext_base_frozen_sweep_trial021_122d1535",
  "best_val_acc_top1": 0.8914233576642335,
  "best_epoch": 34,
  "final_test_acc_top1": 0.9005424954792043,
  "final_test_f1": 0.8941827972683378,
  "final_test_precision": 0.8923334176606122,
  "final_test_recall": 0.8972733853975673,
  "inference_time_ms": 6.963258748874068,
  "total_params": 88093316,
  "trainable_params": 528900,
  "per_class_test_f1": {
    "blurry": 0.8438818565400844,
    "good": 0.9219143576826196,
    "opaque": 0.8530805687203792,
    "yellow": 0.9578544061302683
  },
  "per_class_test_acc": {
    "blurry": 0.8849557522123894,
    "good": 0.9014778325123153,
    "opaque": 0.8411214953271028,
    "yellow": 0.9615384615384616
  }
}