{
  "experiment_name": "swin_b_frozen_sweep_trial004_97b9a9cc",
  "best_val_acc_top1": 0.8722627737226277,
  "best_epoch": 34,
  "final_test_acc_top1": 0.8878842676311031,
  "final_test_f1": 0.8798352993699368,
  "final_test_precision": 0.8812763191478825,
  "final_test_recall": 0.8792986385703538,
  "inference_time_ms": 16.143640028312802,
  "total_params": 88319676,
  "trainable_params": 1576452,
  "per_class_test_f1": {
    "blurry": 0.8230088495575222,
    "good": 0.9185185185185185,
    "opaque": 0.8599033816425121,
    "yellow": 0.917910447761194
  },
  "per_class_test_acc": {
    "blurry": 0.8230088495575221,
    "good": 0.916256157635468,
    "opaque": 0.8317757009345794,
    "yellow": 0.9461538461538461
  }
}