{
  "experiment_name": "resnet152_gradual_unfreeze_sweep_trial026_5d471311",
  "best_val_acc_top1": 0.9197080291970803,
  "best_epoch": 62,
  "final_test_acc_top1": 0.9493670886075949,
  "final_test_f1": 0.9439329647143466,
  "final_test_precision": 0.9434196196670102,
  "final_test_recall": 0.9445576128530677,
  "inference_time_ms": 14.092943540308625,
  "total_params": 64442436,
  "trainable_params": 64442436,
  "per_class_test_f1": {
    "blurry": 0.925764192139738,
    "good": 0.9728395061728395,
    "opaque": 0.9158878504672897,
    "yellow": 0.9612403100775193
  },
  "per_class_test_acc": {
    "blurry": 0.9380530973451328,
    "good": 0.9704433497536946,
    "opaque": 0.9158878504672897,
    "yellow": 0.9538461538461539
  }
}