{
  "experiment_name": "resnet152_fine_tuning_sweep_trial012_a73cf2fc",
  "best_val_acc_top1": 0.925,
  "best_epoch": 24,
  "final_test_acc_top1": 0.9270833333333334,
  "inference_time_ms": 13.0925652384758,
  "total_params": 60246084,
  "trainable_params": 60236548
}