{
  "experiment_name": "vgg19_frozen_sweep_trial015_ac9ed7ce",
  "best_val_acc_top1": 0.8193430656934306,
  "best_epoch": 39,
  "final_test_acc_top1": 0.8300180831826401,
  "final_test_f1": 0.8143123949967477,
  "final_test_precision": 0.8211238057091499,
  "final_test_recall": 0.8099477863789591,
  "inference_time_ms": 1.4699823036789894,
  "total_params": 143769668,
  "trainable_params": 123745284,
  "per_class_test_f1": {
    "blurry": 0.7478260869565218,
    "good": 0.8878281622911696,
    "opaque": 0.75,
    "yellow": 0.8715953307392996
  },
  "per_class_test_acc": {
    "blurry": 0.7610619469026548,
    "good": 0.916256157635468,
    "opaque": 0.7009345794392523,
    "yellow": 0.8615384615384616
  }
}