{
  "experiment_name": "efficientnet_b4_frozen_sweep_trial001_933a930e",
  "best_val_acc_top1": 0.875,
  "best_epoch": 43,
  "final_test_acc_top1": 0.8679927667269439,
  "final_test_f1": 0.8570175463803078,
  "final_test_precision": 0.8605733928267687,
  "final_test_recall": 0.8541050751643413,
  "inference_time_ms": 11.465820670127869,
  "total_params": 19388748,
  "trainable_params": 1840132,
  "per_class_test_f1": {
    "blurry": 0.8181818181818182,
    "good": 0.9033816425120773,
    "opaque": 0.7904761904761904,
    "yellow": 0.9160305343511451
  },
  "per_class_test_acc": {
    "blurry": 0.7964601769911505,
    "good": 0.9211822660098522,
    "opaque": 0.7757009345794392,
    "yellow": 0.9230769230769231
  }
}