{
  "experiment_name": "inception_v3_frozen_sweep_trial006_91d54ca8",
  "best_val_acc_top1": 0.7855839416058394,
  "best_epoch": 50,
  "final_test_acc_top1": 0.8354430379746836,
  "final_test_f1": 0.8212610458165885,
  "final_test_precision": 0.82667627202844,
  "final_test_recall": 0.8192387060747397,
  "inference_time_ms": 8.595524281263351,
  "total_params": 27214540,
  "trainable_params": 2102276,
  "per_class_test_f1": {
    "blurry": 0.7677725118483414,
    "good": 0.8926829268292683,
    "opaque": 0.780952380952381,
    "yellow": 0.8436363636363636
  },
  "per_class_test_acc": {
    "blurry": 0.7168141592920354,
    "good": 0.9014778325123153,
    "opaque": 0.7663551401869159,
    "yellow": 0.8923076923076924
  }
}