{
  "experiment_name": "resnet152_fine_tuning_sweep_trial013_51f4c905",
  "best_val_acc_top1": 0.9169642857142857,
  "best_epoch": 36,
  "final_test_acc_top1": 0.9201388888888888,
  "inference_time_ms": 13.14059417694807,
  "total_params": 60246084,
  "trainable_params": 60236548
}