{
  "experiment_name": "densenet201_frozen_sweep_trial012_7994493e",
  "best_val_acc_top1": 0.8777372262773723,
  "best_epoch": 34,
  "final_test_acc_top1": 0.8752260397830018,
  "final_test_f1": 0.8629605608564102,
  "final_test_precision": 0.8631018943442699,
  "final_test_recall": 0.8629245729672379,
  "inference_time_ms": 19.043195946142077,
  "total_params": 20586884,
  "trainable_params": 2493956,
  "per_class_test_f1": {
    "blurry": 0.8034934497816595,
    "good": 0.9261083743842364,
    "opaque": 0.807511737089202,
    "yellow": 0.9147286821705427
  },
  "per_class_test_acc": {
    "blurry": 0.8141592920353983,
    "good": 0.9261083743842364,
    "opaque": 0.8037383177570093,
    "yellow": 0.9076923076923077
  }
}