{
  "experiment_name": "convnext_base_frozen_sweep_trial019_bb89ee80",
  "best_val_acc_top1": 0.885036496350365,
  "best_epoch": 32,
  "final_test_acc_top1": 0.8933092224231465,
  "final_test_f1": 0.887094052180259,
  "final_test_precision": 0.8871464474591831,
  "final_test_recall": 0.8878786058696165,
  "inference_time_ms": 6.980851991102099,
  "total_params": 88093316,
  "trainable_params": 528900,
  "per_class_test_f1": {
    "blurry": 0.8362068965517241,
    "good": 0.9185185185185185,
    "opaque": 0.8571428571428571,
    "yellow": 0.9365079365079365
  },
  "per_class_test_acc": {
    "blurry": 0.8584070796460177,
    "good": 0.916256157635468,
    "opaque": 0.8691588785046729,
    "yellow": 0.9076923076923077
  }
}