{
  "experiment_name": "swin_b_frozen_sweep_trial011_cf4c995a",
  "best_val_acc_top1": 0.8740875912408759,
  "best_epoch": 20,
  "final_test_acc_top1": 0.8734177215189873,
  "final_test_f1": 0.8615404500682016,
  "final_test_precision": 0.8636255987429476,
  "final_test_recall": 0.8601034989525717,
  "inference_time_ms": 16.15014926996082,
  "total_params": 88319676,
  "trainable_params": 1576452,
  "per_class_test_f1": {
    "blurry": 0.7981651376146789,
    "good": 0.9197080291970803,
    "opaque": 0.8240740740740741,
    "yellow": 0.9042145593869731
  },
  "per_class_test_acc": {
    "blurry": 0.7699115044247787,
    "good": 0.9310344827586207,
    "opaque": 0.8317757009345794,
    "yellow": 0.9076923076923077
  }
}