{
  "experiment_name": "alexnet_frozen_sweep_trial000_b709414a",
  "best_val_acc_top1": 0.8950729927007299,
  "best_epoch": 9,
  "final_test_acc_top1": 0.8788426763110307,
  "final_test_f1": 0.8703767247539184,
  "final_test_precision": 0.8684830688557225,
  "final_test_recall": 0.8736178374057361,
  "inference_time_ms": 0.6583929806947708,
  "total_params": 61203268,
  "trainable_params": 58733572,
  "per_class_test_f1": {
    "blurry": 0.8235294117647058,
    "good": 0.9219143576826196,
    "opaque": 0.8411214953271028,
    "yellow": 0.8949416342412451
  },
  "per_class_test_acc": {
    "blurry": 0.8672566371681416,
    "good": 0.9014778325123153,
    "opaque": 0.8411214953271028,
    "yellow": 0.8846153846153846
  }
}