{
  "experiment_name": "vgg19_frozen_sweep_trial004_3bb90d32",
  "best_val_acc_top1": 0.8074817518248175,
  "best_epoch": 32,
  "final_test_acc_top1": 0.8119349005424955,
  "final_test_f1": 0.798348491759031,
  "final_test_precision": 0.7982486927938077,
  "final_test_recall": 0.7990383608588514,
  "inference_time_ms": 1.4772312110289931,
  "total_params": 147969092,
  "trainable_params": 127944708,
  "per_class_test_f1": {
    "blurry": 0.7123287671232876,
    "good": 0.8691358024691358,
    "opaque": 0.7741935483870966,
    "yellow": 0.8377358490566038
  },
  "per_class_test_acc": {
    "blurry": 0.6902654867256637,
    "good": 0.8669950738916257,
    "opaque": 0.7850467289719626,
    "yellow": 0.8538461538461538
  }
}