{
  "experiment_name": "inception_v3_frozen_sweep_trial010_8bf3c34c",
  "best_val_acc_top1": 0.7855839416058394,
  "best_epoch": 37,
  "final_test_acc_top1": 0.8245931283905967,
  "final_test_f1": 0.8069187668009201,
  "final_test_precision": 0.8143029309470966,
  "final_test_recall": 0.8034647371741933,
  "inference_time_ms": 8.150272630155087,
  "total_params": 27214540,
  "trainable_params": 2102276,
  "per_class_test_f1": {
    "blurry": 0.7567567567567568,
    "good": 0.891566265060241,
    "opaque": 0.7411167512690354,
    "yellow": 0.8382352941176471
  },
  "per_class_test_acc": {
    "blurry": 0.7433628318584071,
    "good": 0.9113300492610837,
    "opaque": 0.6822429906542056,
    "yellow": 0.8769230769230769
  }
}