{
  "experiment_name": "efficientnet_b3_frozen",
  "best_val_acc_top1": 0.8026785714285715,
  "best_val_acc_top3": 0.9848214285714286,
  "best_epoch": 25,
  "final_test_acc_top1": 0.8020833333333334,
  "final_test_acc_top3": 0.9878472222222222,
  "inference_time_ms": 9.568182453513145,
  "total_params": 12274220,
  "trainable_params": 1577988
}