{
  "experiment_name": "resnet152_gradual_unfreeze_sweep_trial024_3cc04607",
  "best_val_acc_top1": 0.9187956204379562,
  "best_epoch": 57,
  "final_test_acc_top1": 0.9132007233273056,
  "final_test_f1": 0.9043453749623328,
  "final_test_precision": 0.9012360635640266,
  "final_test_recall": 0.9084043648222904,
  "inference_time_ms": 13.865447300486267,
  "total_params": 64442436,
  "trainable_params": 64432900,
  "per_class_test_f1": {
    "blurry": 0.8755364806866952,
    "good": 0.9545454545454545,
    "opaque": 0.8493150684931506,
    "yellow": 0.937984496124031
  },
  "per_class_test_acc": {
    "blurry": 0.9026548672566371,
    "good": 0.9310344827586207,
    "opaque": 0.8691588785046729,
    "yellow": 0.9307692307692308
  }
}