{
  "experiment_name": "resnet152_fine_tuning_sweep_trial016_7a880cda",
  "best_val_acc_top1": 0.9142857142857143,
  "best_epoch": 24,
  "final_test_acc_top1": 0.9184027777777778,
  "inference_time_ms": 13.184881769120693,
  "total_params": 60246084,
  "trainable_params": 60246084
}