{
  "experiment_name": "densenet201_frozen_sweep_trial020_93f466ca",
  "best_val_acc_top1": 0.8804744525547445,
  "best_epoch": 38,
  "final_test_acc_top1": 0.8860759493670886,
  "final_test_f1": 0.8753926839432992,
  "final_test_precision": 0.8739862690964294,
  "final_test_recall": 0.8769321302529959,
  "inference_time_ms": 18.996642474085093,
  "total_params": 20586884,
  "trainable_params": 2493956,
  "per_class_test_f1": {
    "blurry": 0.8053097345132744,
    "good": 0.9303482587064676,
    "opaque": 0.838709677419355,
    "yellow": 0.9272030651340997
  },
  "per_class_test_acc": {
    "blurry": 0.8053097345132744,
    "good": 0.9211822660098522,
    "opaque": 0.8504672897196262,
    "yellow": 0.9307692307692308
  }
}