{
  "experiment_name": "densenet201_frozen_sweep_trial011_3d95b57e",
  "best_val_acc_top1": 0.8777372262773723,
  "best_epoch": 47,
  "final_test_acc_top1": 0.8752260397830018,
  "final_test_f1": 0.8649037801935291,
  "final_test_precision": 0.8653389164460855,
  "final_test_recall": 0.8658560255250156,
  "inference_time_ms": 18.70991775766015,
  "total_params": 20586884,
  "trainable_params": 2493956,
  "per_class_test_f1": {
    "blurry": 0.8,
    "good": 0.9177057356608479,
    "opaque": 0.8252427184466019,
    "yellow": 0.9166666666666667
  },
  "per_class_test_acc": {
    "blurry": 0.831858407079646,
    "good": 0.9064039408866995,
    "opaque": 0.794392523364486,
    "yellow": 0.9307692307692308
  }
}